Workbook

Sheet DATOS
B2: CODIGO PROYECTO | C2: P02
B3: NOMBRE DEL PROYECTO | C3: Actualización del sistema de información normativa del departamento de Cundinamarca.
B4: META | C4: Actualizar el sistema de información normativa del Departamento
B5: PATROCINADOR DEL PROYECTO | C5: GERMÁN ENRIQUE GÓMEZ GONZÁLEZ
B6: PATROCINADOR DEL PROYECTO EMAIL | C6: germanenrique.gomez@cundinamarca.gov.co
B7: DEPENDENCIA | C7: SECRETARÍA JURÍDICA
B8: DIRECTOR DE PROYECTO | C8: GERMÁN ENRIQUE GÓMEZ GONZÁLEZ
B9: DIRECTOR DE PROYECTO EMAIL | C9: germanenrique.gomez@cundinamarca.gov.co
B10: OBJETIVO GENERAL | C10: Implementar y poner en funcionamiento el portal jurídico CUNDILEX, como plataforma oficial del Departamento de Cundinamarca para la difusión y consulta de la normatividad departamental y sus análisis jurídicos, con el fin de garantizar a ciudadanos y funcionarios un acceso rápido, confiable y transparente a la información legal vigente del departamento.
B11: OBJETIVOS ESPECIFICOS | C11: Centralizar en una plataforma digital todas las normas departamentales (ordenanzas, decretos, resoluciones, entre otros) clasificadas por año y tipo, facilitando su búsqueda y consulta. Proveer una herramienta en línea de fácil uso para ciudadanos y funcionarios, que permita consultas por palabras clave, filtros por tipo de norma y año de expedición, entre otras funcionalidades de búsqueda avanzada. Publicar análisis, interpretaciones y conceptos jurídicos elaborados por la Secretaría Jurídica, que sirvan de guía y referencia para la correcta aplicación de las normas por parte de entidades públicas y ciudadanía en general. Promover la transparencia y el acceso a la información jurídica, cumpliendo con las disposiciones legales de publicidad de la información y fortaleciendo la cultura de la legalidad en Cundinamarca. Garantizar la actualización permanente del portal, de modo que incorpore oportunamente las nuevas normas que se expidan y refleje los cambios o derogatorias del marco jurídico departamental.
B12: FECHA INICIO DE PROYECTO | C12: 2025
B13: FECHA FIN DE PROYECTO | C13: 2026
B14: PRESUPUESTO ESTIMADO DEL PROYECTO | C14: 0
B15: ES PROYECTO PETI? | C15: SI
B16: ESTRATEGIA PETI A LA QUE PERTENECE
B17: ES PROYECTO DE TRANSFORMACIÓN DIGITAL? | C17: NO

Sheet AVANCE
B2: P02 CUNDILEX
B3: FASE | C3: FASE | D3: HITO | E3: HITO | F3: Entregable | G3: Entregable | H3: Entregable | I3: Entregable | J3: Entregable | K3: Entregable | L3: ENTREGA | M3: Entregable | N3: COMENTARIOS | O3: EJECUTADO | P3: EJECUTADO | Q3: EJECUTADO | S3: ATRASO | U3: PROG HOY | V3: PROG HOY | W3: PROG HOY | X3: EyE | Y3: Eficacia | Z3: Eficiencia
B4: FASES | C4: POND | D4: HITOS | E4: Ponderado | F4: ENTREGABLES | G4: Ponderado | H4: NOMBRE | I4: FECHA LIM | J4: FECHA ENTREGA | K4: ATRASO | L4: OK | M4: RUTA EVIDENCIAS | N4: EVIDENCIAS | O4: HITO | P4: FASE | Q4: PYTO | R4: HOY | S4: PROG | T4: VALIDA | U4: HITO PROG | V4: FASE PROG | W4: PYTO PROG | X4: Incluye? | Y4: Calcula | Z4: Calcula
B5: FASE 1 | C5: 0.5 | D5: HITO 1 | E5: 0.5 | F5: ENTREGABLE 1 | G5: 0.5 | H5: E01. Documento de Requerimientos y Especificaciones aprobado | I5: 45945 | J5: 45944 | K5: =I5-J5 -> 1 | L5: =IF(ISNUMBER(J5),1,0) -> 1 | M5: ENTREGABLE 01 | O5: =(G5*L5)+(G6*L6) -> 1 | P5: =(O5*E5)+(E7*O7) -> 1 | Q5: =(P5*C5)+(P9*C10) -> 0.625 | R5: =TODAY() -> 46279 | S5: =I5-R5 -> -334 | T5: =IF(S5>0,0,1) -> 1 | U5: =(G5*T5)+(G6*T6) -> 1 | V5: =(E5*U5) + (E7*U7) -> 1 | W5: =(V5*C5)+(V9*C9) -> 0.875 | X5: =IF(R5-I5>=0,"Si","No") -> Si | Y5: =IF(AND(L5=1,X5="Si"),"Si","") -> Si | Z5: =IF(AND(K5>=0,X5="Si"),"Si","") -> Si
D6: HITO 1 | E6: 0.5 | F6: ENTREGABLE 2 | G6: 0.5 | H6: E02. Diseño de Arquitectura del Portal (documento y prototipo) | I6: 45778 | J6: 45767 | K6: =I6-J6 -> 11 | L6: =IF(ISNUMBER(J6),1,0) -> 1 | M6: ENTREGABLE02 | R6: =TODAY() -> 46279 | S6: =I6-R6 -> -501 | T6: =IF(S6>0,0,1) -> 1 | X6: =IF(R6-I6>=0,"Si","No") -> Si | Y6: =IF(AND(L6=1,X6="Si"),"Si","") -> Si | Z6: =IF(AND(K6>=0,X6="Si"),"Si","") -> Si
D7: HITO 2 | E7: 0.5 | F7: ENTREGABLE 3 | G7: 0.5 | H7: E03. Plataforma CUNDILEX desarrollada (versión beta con datos de prueba) | I7: 45778 | J7: 45767 | K7: =I7-J7 -> 11 | L7: =IF(ISNUMBER(J7),1,0) -> 1 | M7: ENTREGABLE03 | O7: =(G7*L7)+(G8*L8) -> 1 | R7: =TODAY() -> 46279 | S7: =I7-R7 -> -501 | T7: =IF(S7>0,0,1) -> 1 | U7: =(G7*T7)+(G8*T8) -> 1 | X7: =IF(R7-I7>=0,"Si","No") -> Si | Y7: =IF(AND(L7=1,X7="Si"),"Si","") -> Si | Z7: =IF(AND(K7>=0,X7="Si"),"Si","") -> Si
D8: HITO 2 | E8: 0.5 | F8: ENTREGABLE 4 | G8: 0.5 | H8: E04. Informe de Pruebas y ajustes realizados (documento de resultados de QA) | I8: 46054 | J8: 45684 | K8: =I8-J8 -> 370 | L8: =IF(ISNUMBER(J8),1,0) -> 1 | M8: ENTREGABLE04 | R8: =TODAY() -> 46279 | S8: =I8-R8 -> -225 | T8: =IF(S8>0,0,1) -> 1 | X8: =IF(R8-I8>=0,"Si","No") -> Si | Y8: =IF(AND(L8=1,X8="Si"),"Si","") -> Si | Z8: =IF(AND(K8>=0,X8="Si"),"Si","") -> Si
B9: FASE 2 | C9: 0.5 | D9: HITO 3 | E9: 0.5 | F9: ENTREGABLE 5 | G9: 0.5 | H9: E05. Portal CUNDILEX en producción (versión final operativa) | I9: 46162 | J9: 46209 | K9: =I9-J9 -> -47 | L9: =IF(ISNUMBER(J9),1,0) -> 1 | M9: ENTREGABLE05 | O9: =(G9*L9)+(G10*L10) -> 0.5 | P9: =(O9*E9)+(O11*E11) -> 0.25 | R9: =TODAY() -> 46279 | S9: =I9-R9 -> -117 | T9: =IF(S9>0,0,1) -> 1 | U9: =(G9*T9)+(G10*T10) -> 1 | V9: =(E9*U9) + (E11*U11) -> 0.75 | X9: =IF(R9-I9>=0,"Si","No") -> Si | Y9: =IF(AND(L9=1,X9="Si"),"Si","") -> Si | Z9: =IF(AND(K9>=0,X9="Si"),"Si","")
C10: 0.5 | D10: HITO 3 | E10: 0.5 | F10: ENTREGABLE 6 | G10: 0.5 | H10: E06. Plan de Difusión y Capacitación ejecutado (registro de capacitaciones y comunicados) | I10: 46204 | K10: =I10-J10 -> 46204 | L10: =IF(ISNUMBER(J10),1,0) -> 0 | M10: ENTREGABLE06 | R10: =TODAY() -> 46279 | S10: =I10-R10 -> -75 | T10: =IF(S10>0,0,1) -> 1 | X10: =IF(R10-I10>=0,"Si","No") -> Si | Y10: =IF(AND(L10=1,X10="Si"),"Si","") | Z10: =IF(AND(K10>=0,X10="Si"),"Si","") -> Si
C11: 0.5 | D11: HITO 4 | E11: 0.5 | F11: ENTREGABLE 7 | G11: 0.5 | H11: E07. Acta de Cierre de Proyecto firmada | I11: 46237 | K11: =I11-J11 -> 46237 | L11: =IF(ISNUMBER(J11),1,0) -> 0 | M11: ENTREGABLE07 | O11: =(G11*L11)+(G12*L12) -> 0 | R11: =TODAY() -> 46279 | S11: =I11-R11 -> -42 | T11: =IF(S11>0,0,1) -> 1 | U11: =(G11*T11)+(G12*T12) -> 0.5 | X11: =IF(R11-I11>=0,"Si","No") -> Si | Y11: =IF(AND(L11=1,X11="Si"),"Si","") | Z11: =IF(AND(K11>=0,X11="Si"),"Si","") -> Si
C12: 0.5 | D12: HITO 4 | E12: 0.5 | F12: ENTREGABLE 8 | G12: 0.5 | H12: E08. Informe Final del Proyecto (incluye lecciones aprendidas) | I12: 46295 | K12: =I12-J12 -> 46295 | L12: =IF(ISNUMBER(J12),1,0) -> 0 | M12: ENTREGABLE08 | R12: =TODAY() -> 46279 | S12: =I12-R12 -> 16 | T12: =IF(S12>0,0,1) -> 0 | X12: =IF(R12-I12>=0,"Si","No") -> No | Y12: =IF(AND(L12=1,X12="Si"),"Si","") | Z12: =IF(AND(K12>=0,X12="Si"),"Si","")
Y13: =COUNTIFS(Y5:Y12,"Si",X5:X12,"Si") / COUNTIF(X5:X12,"Si") -> 0.71428571 | Z13: =COUNTIFS(Z5:Z12,"Si",Y5:Y12,"Si") / COUNTIF(Y5:Y12,"Si") -> 0.8
X15: INDICADORES AL CORTE
X16: Fecha de corte | Y16: =R5 -> 46279 | Z16: Base del cálculo
X17: Programados al corte | Y17: =COUNTIFS(I:I,"<="&Y16,I:I,"<>") -> 7 | Z17: Entregables con fecha límite menor o igual a la fecha de corte
X18: Entregados al corte | Y18: =COUNTIFS(J:J,"<="&Y16,J:J,"<>",L:L,1) -> 5 | Z18: Programados al corte con OK = 1
X19: Entregados a tiempo | Y19: {=SUMPRODUCT(--(J5:J12<=Y16),--(I5:I12<>""),--(L5:L12=1),--(J5:J12<>""),--(J5:J12<=I5:I12))} -> 4 | Z19: Entregados al corte con fecha de entrega menor o igual a la fecha límite
X20: Eficacia | Y20: =MIN(1,IFERROR(Y18/Y17,0)) -> 0.71428571 | Z20: Entregados al corte / Programados al corte
X21: Eficiencia | Y21: =MIN(1,IFERROR(Y19/Y17,0)) -> 0.57142857 | Z21: Entregados a tiempo / Entregados al corte
X22: total entregables | Y22: =COUNT(I5:I12) -> 8

Sheet INFORME 1
B2: AVANCES DEL PROYECTO P02
C4: PROG | D4: EJEC | E4: DIFERENCIA | F4: ESTADO
B6: PROYECTO | C6: =AVANCE!W5 -> 0.875 | D6: =AVANCE!Q5 -> 0.625 | E6: =C6-D6 -> 0.25 | F6: =IF(E6>0,"ATRASO","EN TIEMPO") -> ATRASO
B8: FASE 1 | C8: =AVANCE!V5 -> 1 | D8: =AVANCE!P5 -> 1 | E8: =C8-D8 -> 0 | F8: =IF(E8>0,"ATRASO","EN TIEMPO") -> EN TIEMPO
B9: FASE 2 | C9: =AVANCE!V9 -> 0.75 | D9: =AVANCE!P9 -> 0.25 | E9: =C9-D9 -> 0.5 | F9: =IF(E9>0,"ATRASO","EN TIEMPO") -> ATRASO
B11: HITO 1 | C11: =AVANCE!U5 -> 1 | D11: =AVANCE!O5 -> 1 | E11: =C11-D11 -> 0 | F11: =IF(E11>0,"ATRASO","EN TIEMPO") -> EN TIEMPO
B12: HITO 2 | C12: =AVANCE!U7 -> 1 | D12: =AVANCE!O7 -> 1 | E12: =C12-D12 -> 0 | F12: =IF(E12>0,"ATRASO","EN TIEMPO") -> EN TIEMPO
B13: HITO 3 | C13: =AVANCE!U9 -> 1 | D13: =AVANCE!O9 -> 0.5 | E13: =C13-D13 -> 0.5 | F13: =IF(E13>0,"ATRASO","EN TIEMPO") -> ATRASO
B14: HITO 4 | C14: =AVANCE!U11 -> 0.5 | D14: =AVANCE!O11 -> 0 | E14: =C14-D14 -> 0.5 | F14: =IF(E14>0,"ATRASO","EN TIEMPO") -> ATRASO
